{
  "total_messages": 5680,
  "participants": {
    "Mi Princesa <3": 2447,
    ".": 3233
  },
  "first_date": "2025-06-17T00:00:00",
  "last_date": "2025-10-16T00:00:00",
  "keyword_counts": [
    [
      "amo",
      276
    ],
    [
      "quiero",
      110
    ],
    [
      "amor",
      105
    ],
    [
      "bien",
      76
    ],
    [
      "te amo",
      59
    ],
    [
      "perdón",
      40
    ],
    [
      "celos",
      32
    ],
    [
      "ok",
      22
    ],
    [
      "enoj",
      21
    ],
    [
      "te quiero",
      13
    ],
    [
      "perdon",
      8
    ],
    [
      "odio",
      7
    ],
    [
      "pelea",
      7
    ],
    [
      "gracias",
      7
    ],
    [
      "drogas",
      4
    ],
    [
      "disculp",
      4
    ],
    [
      "no consumas",
      1
    ],
    [
      "triste",
      1
    ],
    [
      "sorry",
      1
    ],
    [
      "lo siento",
      1
    ]
  ],
  "top_words": [
    [
      "princesa",
      3661
    ],
    [
      "adjunto",
      1474
    ],
    [
      "sticker",
      1299
    ],
    [
      "webp",
      1292
    ],
    [
      "tu",
      230
    ],
    [
      "eso",
      195
    ],
    [
      "este",
      189
    ],
    [
      "mensaje",
      177
    ],
    [
      "tengo",
      128
    ],
    [
      "estoy",
      124
    ],
    [
      "audio",
      122
    ],
    [
      "voy",
      118
    ],
    [
      "solo",
      117
    ],
    [
      "opus",
      113
    ],
    [
      "quiero",
      110
    ],
    [
      "editó",
      102
    ],
    [
      "porque",
      102
    ],
    [
      "soy",
      100
    ],
    [
      "mamá",
      100
    ],
    [
      "así",
      92
    ],
    [
      "bueno",
      91
    ],
    [
      "amor",
      86
    ],
    [
      "nada",
      85
    ],
    [
      "cuando",
      82
    ],
    [
      "tú",
      82
    ],
    [
      "todo",
      80
    ],
    [
      "ns",
      77
    ],
    [
      "ella",
      74
    ],
    [
      "bien",
      69
    ],
    [
      "andrés",
      67
    ]
  ],
  "heated_samples": [
    {
      "datetime": "2025-06-17T00:00:00",
      "name": ".",
      "msg": "?"
    },
    {
      "datetime": "2025-06-17T00:00:00",
      "name": ".",
      "msg": "Por que?"
    },
    {
      "datetime": "2025-06-19T00:00:00",
      "name": ".",
      "msg": "Ah?"
    },
    {
      "datetime": "2025-06-24T00:00:00",
      "name": ".",
      "msg": "Estás despierta?"
    },
    {
      "datetime": "2025-06-24T00:00:00",
      "name": "Mi Princesa <3",
      "msg": "K paso?-"
    },
    {
      "datetime": "2025-06-24T00:00:00",
      "name": "Mi Princesa <3",
      "msg": "Pq?"
    }
  ],
  "monthly_counts": [
    [
      "2025-06",
      974
    ],
    [
      "2025-07",
      2500
    ],
    [
      "2025-08",
      1014
    ],
    [
      "2025-09",
      1
    ],
    [
      "2025-10",
      1191
    ]
  ]
}